"lon","lat"
-29.01,38.61
-28.44,38.61
-27.86,38.62
-27.29,38.62
-27.87,39.07
-25.04,36.8
-25.58,37.71
-25.01,37.71
-24.45,64.68
-24.42,65.58
-22.52,63.79
-21.51,63.8
-20.49,63.8
-20.5,63.35
-19.48,63.79
-19.5,63.35
-18.49,63.78
-18.5,63.33
-23.55,64.68
-23.58,65.58
-23.57,65.13
-23.6,66.02
-22.57,64.69
-22.55,64.24
-21.52,64.7
-21.52,64.25
-22.63,65.59
-22.6,65.14
-21.54,65.6
-21.53,65.15
-22.68,66.49
-22.66,66.04
-21.55,66.04
-20.48,64.7
-20.48,64.25
-19.43,64.69
-19.45,64.24
-20.46,65.6
-20.47,65.15
-19.37,65.59
-19.4,65.14
-20.45,66.04
-19.34,66.04
-18.45,64.68
-18.47,64.23
-18.42,65.58
-18.43,65.13
-18.4,66.02
-17.51,63.78
-16.52,63.79
-17.55,64.68
-17.53,64.23
-17.58,65.58
-17.57,65.13
-17.6,66.02
-16.57,64.69
-16.55,64.24
-15.52,64.7
-15.52,64.25
-16.63,65.59
-16.6,65.14
-15.54,65.6
-15.53,65.15
-16.68,66.49
-16.66,66.04
-15.56,66.49
-15.55,66.04
-14.48,64.7
-14.48,64.25
-14.46,65.6
-14.47,65.15
-13.37,65.59
-13.4,65.14
-14.44,66.49
-14.45,66.04
-9.29,38.62
-9.29,39.52
-9.29,39.07
-8.16,36.82
-8.72,37.72
-8.72,37.27
-8.15,37.72
-8.15,37.27
-8.71,38.62
-8.71,38.17
-8.14,38.62
-8.14,38.17
-8.71,39.52
-8.71,39.07
-8.13,39.52
-8.13,39.07
-8.71,39.97
-8.12,39.97
-7.58,37.71
-7.59,37.26
-7.01,37.71
-7.03,37.26
-7.56,38.61
-7.57,38.16
-6.99,38.61
-7,38.16
-7.55,39.52
-7.56,39.07
-6.96,39.51
-6.98,39.06
-7.54,39.97
-6.95,39.96
-6.48,36.79
-6.49,36.34
-6.37,37.69
-6.46,37.24
-6.35,38.59
-6.36,38.14
-6.34,39.49
-6.34,39.04
-6.33,39.94
-9.31,43.13
-9.31,42.68
-8.71,40.43
-8.12,40.42
-8.7,41.33
-8.7,40.88
-8.1,41.32
-8.11,40.87
-8.7,42.23
-8.7,41.78
-8.09,42.22
-8.1,41.77
-8.69,43.13
-8.69,42.68
-8.08,43.12
-8.08,42.67
-8.07,43.57
-7.53,40.42
-6.94,40.41
-7.51,41.32
-7.52,40.87
-6.91,41.31
-6.92,40.86
-7.49,42.22
-7.5,41.77
-6.88,42.21
-6.89,41.76
-7.46,43.12
-7.47,42.67
-6.85,43.11
-6.86,42.66
-7.45,43.57
-6.83,43.56
-6.32,40.39
-6.31,41.29
-6.31,40.84
-6.29,42.2
-6.3,41.74
-6.27,43.1
-6.28,42.65
-6.26,43.55
-10.83,52.11
-10.15,54.37
-9.38,54.37
-10.1,52.12
-10.08,51.67
-9.37,52.13
-9.36,51.68
-10.11,52.57
-9.37,53.02
-9.37,52.57
-10.14,53.92
-10.13,53.47
-9.38,53.92
-9.38,53.47
-8.61,54.82
-8.62,54.37
-7.83,54.82
-7.85,54.37
-8.61,55.27
-7.82,55.27
-8.63,52.13
-8.64,51.68
-7.9,52.12
-7.92,51.67
-8.63,53.02
-8.63,52.57
-7.88,53.02
-7.89,52.57
-8.62,53.92
-8.62,53.47
-7.86,53.92
-7.87,53.47
-7.06,54.81
-7.08,54.36
-6.33,54.79
-6.35,54.34
-7.03,55.26
-6.31,55.69
-6.32,55.24
-6.57,49.85
-7.17,52.11
-6.4,52.1
-7.14,53.01
-7.16,52.56
-6.38,53
-6.39,52.55
-7.1,53.91
-7.12,53.46
-6.36,53.89
-6.37,53.45
-7.78,56.61
-7.75,57.51
-7.76,57.06
-8.58,57.97
-7.57,62
-7.55,62.45
-6.96,56.6
-6.28,56.59
-6.29,56.14
-6.91,57.5
-6.94,57.05
-6,57.48
-6,57.03
-6.86,58.4
-6.89,57.95
-6,58.38
-6,57.93
-6.55,61.99
-6.56,61.54
-6.53,62.43
-9.69,70.98
-8.31,70.98
-5.49,35.89
-5.52,36.79
-5.51,36.34
-5.63,37.69
-5.54,37.24
-5.65,38.59
-5.64,38.14
-5.66,39.49
-5.66,39.04
-5.67,39.94
-4.96,36.8
-4.95,36.35
-4.4,36.81
-4.99,37.71
-4.97,37.26
-4.42,37.71
-4.41,37.26
-5.01,38.61
-5,38.16
-4.44,38.61
-4.43,38.16
-5.04,39.51
-5.02,39.06
-4.45,39.52
-4.44,39.07
-5.05,39.96
-4.46,39.97
-3.84,36.82
-3.28,36.82
-3.85,37.72
-3.85,37.27
-3.28,37.72
-3.28,37.27
-3.86,38.62
-3.86,38.17
-3.29,38.62
-3.29,38.17
-3.87,39.52
-3.87,39.07
-3.29,39.52
-3.29,39.07
-3.88,39.97
-3.29,39.97
-2.72,36.82
-2.16,36.82
-2.72,37.72
-2.72,37.27
-2.15,37.72
-2.15,37.27
-2.71,38.62
-2.71,38.17
-2.14,38.62
-2.14,38.17
-2.71,39.52
-2.71,39.07
-2.13,39.52
-2.13,39.07
-2.71,39.97
-2.12,39.97
-1.58,37.71
-1.59,37.26
-1.01,37.71
-1.56,38.61
-1.57,38.16
-0.99,38.61
-1,38.16
-1.55,39.52
-1.56,39.07
-0.96,39.51
-0.98,39.06
-1.54,39.97
-0.95,39.96
-0.35,38.59
-0.36,38.14
-0.34,39.49
-0.34,39.04
-0.33,39.94
-5.68,40.39
-5.69,41.29
-5.69,40.84
-5.71,42.2
-5.7,41.74
-5.73,43.1
-5.72,42.65
-5.74,43.55
-5.06,40.41
-4.47,40.42
-5.09,41.31
-5.08,40.86
-4.49,41.32
-4.48,40.87
-5.12,42.21
-5.11,41.76
-4.51,42.22
-4.5,41.77
-5.15,43.11
-5.14,42.66
-4.54,43.12
-4.53,42.67
-5.17,43.56
-4.55,43.57
-3.88,40.42
-3.29,40.43
-3.9,41.32
-3.89,40.87
-3.3,41.33
-3.3,40.88
-3.91,42.22
-3.9,41.77
-3.3,42.23
-3.3,41.78
-3.92,43.12
-3.92,42.67
-3.31,43.13
-3.31,42.68
-3.93,43.57
-3.31,43.58
-4,47.62
-3.33,47.63
-3.33,47.18
-2.71,40.43
-2.12,40.42
-2.7,41.33
-2.7,40.88
-2.1,41.32
-2.11,40.87
-2.7,42.23
-2.7,41.78
-2.09,42.22
-2.1,41.77
-2.69,43.13
-2.69,42.68
-2.08,43.12
-2.08,42.67
-2.69,43.58
-2.67,46.73
-2.02,46.72
-2.67,47.63
-2.67,47.18
-2,47.62
-2.01,47.17
-1.53,40.42
-0.94,40.41
-1.51,41.32
-1.52,40.87
-0.91,41.31
-0.92,40.86
-1.49,42.22
-1.5,41.77
-0.88,42.21
-0.89,41.76
-1.46,43.12
-1.47,42.67
-0.85,43.11
-0.86,42.66
-1.44,44.02
-1.45,43.57
-0.82,44.01
-0.83,43.56
-1.42,44.92
-1.43,44.47
-0.78,44.91
-0.8,44.46
-1.39,45.82
-1.4,45.37
-0.75,45.81
-0.77,45.36
-1.36,46.72
-1.38,46.27
-0.71,46.71
-0.73,46.26
-1.34,47.62
-1.35,47.17
-0.67,47.6
-0.69,47.16
-0.32,40.39
-0.31,41.29
-0.31,40.84
-0.29,42.2
-0.3,41.74
-0.27,43.1
-0.28,42.65
-0.25,44
-0.26,43.55
-0.23,44.89
-0.24,44.45
-0.21,45.79
-0.22,45.34
0,46.69
0,46.24
0,47.59
0,47.14
-5.55,50.3
-5.43,49.85
-4.76,50.31
-4.79,51.21
-4.77,50.76
-5.6,52.1
-5.58,51.65
-4.83,52.11
-4.81,51.66
-4.86,53.01
-4.9,53.91
-4.88,53.46
-5.67,54.79
-5.65,54.34
-4.94,54.81
-4.92,54.36
-5.69,55.69
-5.68,55.24
-4.99,55.7
-4.97,55.26
-5.37,48.5
-4.69,48.52
-4.68,48.07
-4.05,50.32
-3.35,50.33
-4.07,51.22
-4.06,50.77
-3.36,51.23
-3.35,50.78
-4.1,52.12
-4.08,51.67
-3.37,52.13
-3.36,51.68
-4.12,53.02
-4.11,52.57
-3.37,53.02
-3.37,52.57
-4.13,53.47
-3.38,53.92
-3.38,53.47
-4.17,54.82
-4.15,54.37
-3.39,54.82
-3.38,54.37
-4.19,55.71
-4.18,55.27
-3.4,55.72
-3.39,55.27
-4.02,48.52
-4.01,48.07
-3.34,48.53
-3.34,48.08
-3.34,48.98
-1.96,49.87
-2.64,51.23
-2.65,50.78
-1.93,51.22
-1.94,50.77
-2.63,52.13
-2.64,51.68
-1.9,52.12
-1.92,51.67
-2.63,53.02
-2.63,52.57
-1.88,53.02
-1.89,52.57
-2.62,53.92
-2.62,53.47
-1.86,53.92
-1.87,53.47
-2.61,54.82
-2.62,54.37
-1.83,54.82
-1.85,54.37
-2.6,55.72
-2.61,55.27
-1.81,55.71
-1.82,55.27
-2.66,48.53
-2.66,48.08
-1.98,48.52
-1.99,48.07
-2.66,49.43
-1.97,49.42
-1.98,48.97
-1.26,49.86
-1.21,51.21
-1.23,50.76
-0.43,51.2
-0.44,50.75
-1.17,52.11
-1.19,51.66
-0.4,52.1
-0.42,51.65
-1.14,53.01
-1.16,52.56
-0.38,53
-0.39,52.55
-1.1,53.91
-1.12,53.46
-0.36,53.89
-0.37,53.45
-1.06,54.81
-1.08,54.36
-0.35,54.34
-1.31,48.52
-1.32,48.07
-0.63,48.5
-0.65,48.05
-1.28,49.41
-1.29,48.97
-0.59,49.4
-0.61,48.95
0,48.49
0,48.04
-5.72,56.59
-5.71,56.14
-5.04,56.6
-5.01,56.15
-5.09,57.5
-5.06,57.05
-5.14,58.4
-5.11,57.95
-4.22,56.61
-4.21,56.16
-3.41,56.62
-3.4,56.17
-4.25,57.51
-4.24,57.06
-3.42,57.52
-3.41,57.07
-4.28,58.41
-4.27,57.96
-3.43,58.42
-3.42,57.97
-3.44,59.31
-3.43,58.86
-2.59,56.62
-2.6,56.17
-2.58,57.52
-2.59,57.07
-1.75,57.51
-1.76,57.06
-2.56,59.31
-2.57,58.86
-1.65,60.2
-1.67,59.76
-1.63,60.65
-0.75,60.19
-0.59,60.64
0.35,38.59
0.34,39.04
0.33,39.94
1.56,38.61
0.98,39.06
1.56,39.07
2.13,39.52
2.71,39.52
2.71,39.07
2.71,39.97
3.29,39.52
3.29,39.07
3.29,39.97
3.88,39.97
4.46,39.97
0.32,40.39
0.31,41.29
0.31,40.84
0.29,42.2
0.3,41.74
0.27,43.1
0.28,42.65
0.25,44
0.26,43.55
0.23,44.89
0.24,44.45
0.21,45.79
0.22,45.34
0.91,41.31
0.92,40.86
1.51,41.32
0.88,42.21
0.89,41.76
1.49,42.22
1.5,41.77
0.85,43.11
0.86,42.66
1.46,43.12
1.47,42.67
0.82,44.01
0.83,43.56
1.44,44.02
1.45,43.57
0.78,44.91
0.8,44.46
1.42,44.92
1.43,44.47
0.75,45.81
0.77,45.36
1.39,45.82
1.4,45.37
0.71,46.71
0.73,46.26
1.36,46.72
1.38,46.27
0.67,47.6
0.69,47.16
1.34,47.62
1.35,47.17
2.1,41.32
2.09,42.22
2.1,41.77
2.7,42.23
2.7,41.78
2.08,43.12
2.08,42.67
2.69,43.13
2.69,42.68
2.06,44.02
2.07,43.57
2.69,44.03
2.69,43.58
2.05,44.92
2.06,44.47
2.68,44.93
2.69,44.48
2.03,45.82
2.04,45.37
2.68,45.83
2.68,45.38
2.02,46.72
2.03,46.27
2.67,46.73
2.68,46.28
2,47.62
2.01,47.17
2.67,47.63
2.67,47.18
3.3,42.23
3.3,41.78
3.31,43.13
3.31,44.03
3.31,43.58
3.94,44.02
3.93,43.57
3.32,44.93
3.31,44.48
3.95,44.92
3.94,44.47
3.32,45.83
3.32,45.38
3.97,45.82
3.96,45.37
3.33,46.73
3.32,46.28
3.98,46.72
3.97,46.27
3.33,47.63
3.33,47.18
4,47.62
3.99,47.17
5.15,43.11
4.56,44.02
4.55,43.57
5.18,44.01
5.17,43.56
4.58,44.92
4.57,44.47
5.22,44.91
5.2,44.46
4.61,45.82
4.6,45.37
5.25,45.81
5.23,45.36
4.64,46.72
4.62,46.27
5.29,46.71
5.27,46.26
4.66,47.62
4.65,47.17
5.33,47.6
5.31,47.16
5.73,43.1
5.75,44
5.74,43.55
5.77,44.89
5.76,44.45
5.79,45.79
5.78,45.34
6,46.69
6,46.24
6,47.59
6,47.14
0.63,48.5
0.65,48.05
1.31,48.52
1.32,48.07
0.59,49.4
0.61,48.95
1.28,49.41
1.29,48.97
0.57,49.85
1.24,50.31
1.26,49.86
0.43,51.2
0.44,50.75
1.21,51.21
1.23,50.76
0.4,52.1
0.42,51.65
1.17,52.11
1.19,51.66
0.38,53
0.39,52.55
1.14,53.01
1.16,52.56
0.37,53.45
1.98,48.52
1.99,48.07
2.66,48.53
2.66,48.08
1.97,49.42
1.98,48.97
2.66,49.43
2.66,48.98
1.95,50.32
1.96,49.87
2.65,50.33
2.65,49.88
1.94,50.77
2.64,51.23
2.65,50.78
1.9,52.12
1.89,52.57
3.34,48.53
3.34,48.08
4.02,48.52
4.01,48.07
3.34,49.43
3.34,48.98
4.03,49.42
4.02,48.97
3.35,50.33
3.35,49.88
4.05,50.32
4.04,49.87
3.36,51.23
3.35,50.78
4.07,51.22
4.06,50.77
3.36,51.68
4.1,52.12
4.08,51.67
4.69,48.52
4.68,48.07
5.37,48.5
5.35,48.05
4.72,49.41
4.71,48.97
5.41,49.4
5.39,48.95
4.76,50.31
4.74,49.86
5.55,50.3
5.43,49.85
4.79,51.21
4.77,50.76
5.57,51.2
5.56,50.75
4.83,52.11
4.81,51.66
5.6,52.1
5.58,51.65
4.86,53.01
4.84,52.56
5.62,53
5.61,52.55
4.88,53.46
5.63,53.45
6,48.49
6,48.04
6,49.39
8.13,39.52
8.13,39.07
8.71,39.52
8.71,39.07
8.71,39.97
9.29,39.52
9.29,39.07
9.29,39.97
9.88,39.97
6.27,43.1
6.25,44
6.26,43.55
6.23,44.89
6.24,44.45
6.21,45.79
6.22,45.34
6.82,44.01
6.83,43.56
7.44,44.02
7.45,43.57
6.78,44.91
6.8,44.46
7.42,44.92
7.43,44.47
6.75,45.81
6.77,45.36
7.39,45.82
7.4,45.37
6.71,46.71
6.73,46.26
7.36,46.72
7.38,46.27
6.67,47.6
6.69,47.16
7.34,47.62
7.35,47.17
8.12,40.42
8.71,40.43
8.11,40.87
8.7,41.33
8.7,40.88
8.7,42.23
8.7,41.78
8.69,42.68
8.06,44.02
8.69,44.03
8.05,44.92
8.06,44.47
8.68,44.93
8.69,44.48
8.03,45.82
8.04,45.37
8.68,45.83
8.68,45.38
8.02,46.72
8.03,46.27
8.67,46.73
8.68,46.28
8,47.62
8.01,47.17
8.67,47.63
8.67,47.18
9.29,40.43
9.88,40.42
9.3,41.33
9.3,40.88
9.89,40.87
9.3,42.23
9.3,41.78
9.31,43.13
9.31,42.68
9.92,43.12
9.92,42.67
9.31,44.03
9.94,44.02
9.32,44.93
9.31,44.48
9.95,44.92
9.94,44.47
9.32,45.83
9.32,45.38
9.97,45.82
9.96,45.37
9.33,46.73
9.32,46.28
9.98,46.72
9.97,46.27
9.33,47.63
9.33,47.18
10,47.62
9.99,47.17
10.51,42.22
11.12,42.21
10.54,43.12
10.53,42.67
11.15,43.11
11.14,42.66
10.56,44.02
10.55,43.57
11.18,44.01
11.17,43.56
10.58,44.92
10.57,44.47
11.22,44.91
11.2,44.46
10.61,45.82
10.6,45.37
11.25,45.81
11.23,45.36
10.64,46.72
10.62,46.27
11.29,46.71
11.27,46.26
10.66,47.62
10.65,47.17
11.33,47.6
11.31,47.16
11.71,42.2
11.73,43.1
11.72,42.65
11.75,44
11.74,43.55
11.77,44.89
11.76,44.45
11.79,45.79
11.78,45.34
12,46.69
12,46.24
12,47.59
12,47.14
6.45,50.3
6.57,49.85
7.24,50.31
7.26,49.86
6.43,51.2
6.44,50.75
7.21,51.21
7.23,50.76
6.4,52.1
6.42,51.65
7.17,52.11
7.19,51.66
6.38,53
6.39,52.55
7.14,53.01
7.16,52.56
6.37,53.45
7.1,53.91
7.12,53.46
6.63,48.5
6.65,48.05
7.31,48.52
7.32,48.07
6.59,49.4
6.61,48.95
7.28,49.41
7.29,48.97
7.95,50.32
7.96,49.87
8.65,50.33
8.65,49.88
7.93,51.22
7.94,50.77
8.64,51.23
8.65,50.78
7.9,52.12
7.92,51.67
8.63,52.13
8.64,51.68
7.88,53.02
7.89,52.57
8.63,53.02
8.63,52.57
7.86,53.92
7.87,53.47
8.62,53.92
8.62,53.47
8.61,54.82
8.62,54.37
7.81,55.71
8.6,55.72
8.61,55.27
7.98,48.52
7.99,48.07
8.66,48.53
8.66,48.08
7.97,49.42
7.98,48.97
8.66,49.43
8.66,48.98
9.35,50.33
9.35,49.88
10.05,50.32
10.04,49.87
9.36,51.23
9.35,50.78
10.07,51.22
10.06,50.77
9.37,52.13
9.36,51.68
10.1,52.12
10.08,51.67
9.37,53.02
9.37,52.57
10.12,53.02
10.11,52.57
9.38,53.92
9.38,53.47
10.14,53.92
10.13,53.47
9.39,54.82
9.38,54.37
10.17,54.82
10.15,54.37
9.4,55.72
9.39,55.27
10.19,55.71
10.18,55.27
9.34,48.53
9.34,48.08
10.02,48.52
10.01,48.07
9.34,49.43
9.34,48.98
10.03,49.42
10.02,48.97
10.76,50.31
10.74,49.86
11.55,50.3
11.43,49.85
10.79,51.21
10.77,50.76
11.57,51.2
11.56,50.75
10.83,52.11
10.81,51.66
11.6,52.1
11.58,51.65
10.86,53.01
10.84,52.56
11.62,53
11.61,52.55
10.9,53.91
10.88,53.46
11.64,53.89
11.63,53.45
10.94,54.81
10.92,54.36
11.67,54.79
11.65,54.34
10.99,55.7
10.97,55.26
11.69,55.69
11.68,55.24
10.69,48.52
10.68,48.07
11.37,48.5
11.35,48.05
10.72,49.41
10.71,48.97
11.41,49.4
11.39,48.95
12,48.49
12,48.04
5.05,59.25
5.1,58.81
4.95,60.15
5,59.7
4.83,61.05
4.89,60.6
4.71,61.94
4.77,61.49
6.01,58.38
6.86,58.4
6.89,57.95
5.93,59.28
5.97,58.83
6.81,59.3
6.83,58.85
6.75,60.19
6.78,59.74
6.68,61.09
6.71,60.64
5.66,61.97
5.71,61.52
6.61,61.99
6.65,61.54
5.61,62.41
6.54,62.88
6.58,62.44
7.78,56.61
7.79,56.16
8.59,56.62
8.6,56.17
8.59,57.07
7.72,58.41
7.73,57.96
8.57,58.42
7.68,59.31
7.7,58.86
8.56,59.31
8.57,58.86
7.65,60.2
7.67,59.76
8.55,60.21
8.55,59.76
7.61,61.1
7.63,60.65
8.54,61.11
8.54,60.66
7.57,62
7.59,61.55
8.52,62.01
8.53,61.56
7.52,62.9
7.55,62.45
8.51,62.9
8.52,62.46
7.5,63.35
8.49,63.8
8.5,63.35
9.41,56.62
9.4,56.17
10.22,56.61
10.21,56.16
9.42,57.52
9.41,57.07
10.25,57.51
10.24,57.06
10.27,57.96
9.44,59.31
9.43,58.86
10.32,59.31
10.3,58.86
9.45,60.21
9.45,59.76
10.35,60.2
10.33,59.76
9.46,61.11
9.46,60.66
10.39,61.1
10.37,60.65
9.48,62.01
9.47,61.56
10.43,62
10.41,61.55
9.49,62.9
9.48,62.46
10.48,62.9
10.45,62.45
9.51,63.8
9.5,63.35
10.52,63.79
10.5,63.35
11.04,56.6
11.01,56.15
11.72,56.59
11.71,56.14
11.06,57.05
12,57.48
12,57.03
11.14,58.4
12,58.38
12,57.93
11.19,59.3
11.17,58.85
12,59.28
12,58.83
11.25,60.19
11.22,59.74
11.43,61.09
11.41,60.64
11.45,61.99
11.44,61.54
11.48,62.88
11.47,62.43
11.51,63.78
11.5,63.33
10.57,64.69
10.55,64.24
11.55,64.68
11.53,64.23
11.58,65.58
11.57,65.13
12.37,37.69
12.36,38.14
12.52,35.44
13.01,37.71
13.03,37.26
13.58,37.71
13.59,37.26
12.99,38.61
13,38.16
13.57,38.16
13.06,35.9
14.16,36.82
14.72,36.82
14.15,37.72
14.15,37.27
14.72,37.72
14.72,37.27
14.14,38.62
14.14,38.17
14.71,38.62
14.71,38.17
14.17,35.92
14.72,35.92
15.28,36.82
15.28,37.72
15.28,37.27
15.29,38.62
15.29,38.17
15.86,38.62
15.86,38.17
15.87,39.52
15.87,39.07
15.29,39.97
15.88,39.97
16.44,38.61
16.43,38.16
16.45,39.52
16.44,39.07
17.04,39.51
17.02,39.06
16.46,39.97
17.67,39.94
12.29,42.2
12.3,41.74
12.27,43.1
12.28,42.65
12.25,44
12.26,43.55
12.23,44.89
12.24,44.45
12.21,45.79
12.22,45.34
12.91,41.31
13.51,41.32
12.88,42.21
12.9,41.76
13.49,42.22
13.5,41.77
12.85,43.11
12.86,42.66
13.46,43.12
13.47,42.67
12.82,44.01
12.83,43.56
13.45,43.57
12.78,44.91
13.42,44.92
12.75,45.81
12.77,45.36
13.39,45.82
13.4,45.37
12.71,46.71
12.73,46.26
13.36,46.72
13.38,46.27
12.67,47.6
12.69,47.16
13.34,47.62
13.35,47.17
14.12,40.42
14.71,40.43
14.1,41.32
14.11,40.87
14.7,41.33
14.7,40.88
14.09,42.22
14.1,41.77
14.7,42.23
14.7,41.78
14.08,43.12
14.08,42.67
14.69,44.03
14.05,44.92
14.06,44.47
14.68,44.93
14.69,44.48
14.03,45.82
14.04,45.37
14.68,45.83
14.68,45.38
14.02,46.72
14.03,46.27
14.67,46.73
14.68,46.28
14,47.62
14.01,47.17
14.67,47.63
14.67,47.18
15.29,40.43
15.88,40.42
15.3,41.33
15.3,40.88
15.9,41.32
15.89,40.87
15.3,41.78
15.9,41.77
15.92,43.12
15.31,44.03
15.94,44.02
15.93,43.57
15.32,44.93
15.31,44.48
15.95,44.92
15.94,44.47
15.32,45.83
15.32,45.38
15.97,45.82
15.96,45.37
15.33,46.73
15.32,46.28
15.98,46.72
15.97,46.27
15.33,47.63
15.33,47.18
16,47.62
15.99,47.17
16.47,40.42
17.06,40.41
16.49,41.32
16.48,40.87
17.08,40.86
16.54,43.12
17.15,43.11
17.14,42.66
16.56,44.02
16.55,43.57
17.18,44.01
17.17,43.56
16.58,44.92
16.57,44.47
17.22,44.91
17.2,44.46
16.61,45.82
16.6,45.37
17.25,45.81
17.23,45.36
16.64,46.72
16.62,46.27
17.29,46.71
17.27,46.26
16.66,47.62
16.65,47.17
17.33,47.6
17.31,47.16
17.68,40.39
17.69,40.84
17.73,43.1
17.72,42.65
17.75,44
17.74,43.55
17.77,44.89
17.76,44.45
17.79,45.79
17.78,45.34
18,46.69
18,46.24
18,47.59
18,47.14
12.33,54.79
12.35,54.34
13.06,54.81
13.08,54.36
12.31,55.69
12.32,55.24
13.01,55.7
13.03,55.26
12.63,48.5
12.65,48.05
13.31,48.52
13.32,48.07
12.59,49.4
12.61,48.95
13.28,49.41
13.29,48.97
12.45,50.3
12.57,49.85
13.24,50.31
13.26,49.86
12.43,51.2
12.44,50.75
13.21,51.21
13.23,50.76
12.4,52.1
12.42,51.65
13.17,52.11
13.19,51.66
12.38,53
12.39,52.55
13.14,53.01
13.16,52.56
12.36,53.89
12.37,53.45
13.1,53.91
13.12,53.46
13.85,54.37
13.81,55.71
13.82,55.27
14.6,55.72
14.61,55.27
13.98,48.52
13.99,48.07
14.66,48.53
14.66,48.08
13.97,49.42
13.98,48.97
14.66,49.43
14.66,48.98
13.95,50.32
13.96,49.87
14.65,50.33
14.65,49.88
13.93,51.22
13.94,50.77
14.64,51.23
14.65,50.78
13.9,52.12
13.92,51.67
14.63,52.13
14.64,51.68
13.88,53.02
13.89,52.57
14.63,53.02
14.63,52.57
13.86,53.92
13.87,53.47
14.62,53.92
14.62,53.47
15.38,54.37
16.15,54.37
15.39,55.27
15.34,48.53
15.34,48.08
16.02,48.52
16.01,48.07
15.34,49.43
15.34,48.98
16.03,49.42
16.02,48.97
15.35,50.33
15.35,49.88
16.05,50.32
16.04,49.87
15.36,51.23
15.35,50.78
16.07,51.22
16.06,50.77
15.37,52.13
15.36,51.68
16.1,52.12
16.08,51.67
15.37,53.02
15.37,52.57
16.12,53.02
16.11,52.57
15.38,53.92
15.38,53.47
16.14,53.92
16.13,53.47
16.94,54.81
16.92,54.36
17.67,54.79
17.65,54.34
16.69,48.52
16.68,48.07
17.37,48.5
17.35,48.05
16.72,49.41
16.71,48.97
17.41,49.4
17.39,48.95
16.76,50.31
16.74,49.86
17.55,50.3
17.43,49.85
16.79,51.21
16.77,50.76
17.57,51.2
17.56,50.75
16.83,52.11
16.81,51.66
17.6,52.1
17.58,51.65
16.86,53.01
16.84,52.56
17.62,53
17.61,52.55
16.9,53.91
16.88,53.46
17.64,53.89
17.63,53.45
18,48.49
18,48.04
18,48.94
12.28,56.59
12.29,56.14
12.96,56.6
12.99,56.15
12.91,57.5
12.94,57.05
12.86,58.4
12.89,57.95
12.81,59.3
12.83,58.85
12.75,60.19
12.78,59.74
12.57,61.09
12.59,60.64
12.55,61.99
12.56,61.54
12.52,62.88
12.53,62.43
12.49,63.78
12.5,63.33
13.78,56.61
13.79,56.16
14.59,56.62
14.6,56.17
13.75,57.51
13.76,57.06
14.58,57.52
14.59,57.07
13.72,58.41
13.73,57.96
14.57,58.42
14.58,57.97
13.68,59.31
13.7,58.86
14.56,59.31
14.57,58.86
13.65,60.2
13.67,59.76
14.55,60.21
14.56,59.76
13.61,61.1
13.63,60.65
14.54,61.11
14.54,60.66
13.57,62
13.59,61.55
14.52,62.01
14.53,61.56
13.52,62.9
13.55,62.45
14.51,62.9
14.52,62.46
13.48,63.79
13.5,63.35
14.49,63.8
14.5,63.35
15.41,56.62
15.4,56.17
16.22,56.61
16.21,56.16
15.42,57.52
15.41,57.07
16.25,57.51
16.24,57.06
15.43,58.42
15.42,57.97
16.28,58.41
16.27,57.96
15.44,59.31
15.43,58.86
16.32,59.31
16.3,58.86
15.45,60.21
15.45,59.76
16.35,60.2
16.33,59.76
15.46,61.11
15.46,60.66
16.39,61.1
16.37,60.65
15.48,62.01
15.47,61.56
16.43,62
16.41,61.55
15.49,62.9
15.48,62.46
16.48,62.9
16.45,62.45
15.51,63.8
15.5,63.35
16.52,63.79
16.5,63.35
17.04,56.6
17.09,57.5
17.06,57.05
18,57.48
18,57.03
17.14,58.4
17.11,57.95
18,57.93
17.19,59.3
17.17,58.85
18,59.28
18,58.83
17.25,60.19
17.22,59.74
17.43,61.09
17.41,60.64
17.45,61.99
17.44,61.54
17.48,62.88
17.47,62.43
17.51,63.78
17.5,63.33
12.45,64.68
12.47,64.23
12.42,65.58
12.43,65.13
12.38,66.47
12.4,66.02
13.43,64.69
13.45,64.24
14.48,64.7
14.48,64.25
13.37,65.59
13.4,65.14
14.46,65.6
14.47,65.15
13.32,66.49
13.35,66.04
14.44,66.49
14.45,66.04
13.28,66.93
14.42,67.39
14.43,66.94
13.18,68.28
13.22,67.83
14.39,68.29
14.38,68.74
15.52,64.7
15.52,64.25
16.57,64.69
16.55,64.24
15.54,65.6
15.53,65.15
16.63,65.59
16.6,65.14
15.56,66.49
15.55,66.04
16.68,66.49
16.66,66.04
15.58,67.39
15.57,66.94
16.75,67.38
16.72,66.93
15.61,68.29
15.59,67.84
16.82,68.28
16.78,67.83
15.63,69.18
15.62,68.74
16.89,69.17
16.85,68.73
16.93,69.62
17.55,64.68
17.53,64.23
17.58,65.58
17.57,65.13
17.62,66.47
17.6,66.02
18,67.36
18,66.91
18,68.26
18,67.81
18,68.71
13.99,77.25
11.73,78.13
13.91,78.15
13.95,77.7
11.47,79.02
11.61,78.58
13.82,79.04
13.87,78.59
11.16,79.92
11.32,79.47
13.72,79.94
13.77,79.49
16.01,77.25
15.98,76.8
18.04,77.24
16.09,78.15
16.05,77.7
18.27,78.13
18.15,77.68
16.18,79.04
16.13,78.59
18.39,78.58
16.28,79.94
18.84,79.92
18.68,79.47
19.34,80.36
19.2,74.52
20.18,78.1
20.26,78.55
21,79.44
18.33,39.94
19.55,39.52
19.54,39.97
20.72,37.72
20.14,38.17
20.71,38.62
20.71,38.17
20.13,39.52
20.71,39.52
20.71,39.07
20.12,39.97
20.71,39.97
21.84,36.82
21.28,37.72
21.85,37.72
21.85,37.27
21.29,38.62
21.29,38.17
21.86,38.62
21.86,38.17
21.29,39.52
21.29,39.07
21.87,39.52
21.87,39.07
21.29,39.97
21.88,39.97
22.4,36.81
22.39,36.36
22.96,36.8
22.95,36.35
22.42,37.71
22.41,37.26
22.99,37.71
22.97,37.26
22.44,38.61
22.43,38.16
23.01,38.61
23,38.16
22.45,39.52
22.44,39.07
23.04,39.51
23.02,39.06
22.46,39.97
23.05,39.96
24,34.98
23.49,35.89
23.48,35.44
24,35.43
23.63,37.69
23.54,37.24
23.65,38.59
23.64,38.14
23.66,39.04
23.67,39.94
18.32,40.39
18.27,43.1
18.28,42.65
18.25,44
18.26,43.55
18.23,44.89
18.24,44.45
18.21,45.79
18.22,45.34
19.53,40.42
19.51,41.32
19.52,40.87
18.88,42.21
19.49,42.22
19.5,41.77
18.85,43.11
18.86,42.66
19.46,43.12
19.47,42.67
18.82,44.01
18.83,43.56
19.44,44.02
19.45,43.57
18.78,44.91
18.8,44.46
19.42,44.92
19.43,44.47
18.75,45.81
18.77,45.36
19.39,45.82
19.4,45.37
18.71,46.71
18.73,46.26
19.36,46.72
19.38,46.27
18.67,47.6
18.69,47.16
19.34,47.62
19.35,47.17
20.12,40.42
20.71,40.43
20.1,41.32
20.11,40.87
20.7,41.33
20.7,40.88
20.09,42.22
20.1,41.77
20.7,42.23
20.7,41.78
20.08,43.12
20.08,42.67
20.69,43.13
20.69,42.68
20.06,44.02
20.07,43.57
20.69,44.03
20.69,43.58
20.05,44.92
20.06,44.47
20.68,44.93
20.69,44.48
20.03,45.82
20.04,45.37
20.68,45.83
20.68,45.38
20.02,46.72
20.03,46.27
20.67,46.73
20.68,46.28
20,47.62
20.01,47.17
20.67,47.63
20.67,47.18
21.29,40.43
21.88,40.42
21.3,41.33
21.3,40.88
21.9,41.32
21.89,40.87
21.3,42.23
21.3,41.78
21.91,42.22
21.9,41.77
21.31,43.13
21.31,42.68
21.92,43.12
21.92,42.67
21.31,44.03
21.31,43.58
21.94,44.02
21.93,43.57
21.32,44.93
21.31,44.48
21.95,44.92
21.94,44.47
21.32,45.83
21.32,45.38
21.97,45.82
21.96,45.37
21.33,46.73
21.32,46.28
21.98,46.72
21.97,46.27
21.33,47.63
21.33,47.18
22,47.62
21.99,47.17
22.47,40.42
23.06,40.41
22.49,41.32
22.48,40.87
23.09,41.31
23.08,40.86
22.51,42.22
22.5,41.77
23.12,42.21
23.11,41.76
22.54,43.12
22.53,42.67
23.15,43.11
23.14,42.66
22.56,44.02
22.55,43.57
23.18,44.01
23.17,43.56
22.58,44.92
22.57,44.47
23.22,44.91
23.2,44.46
22.61,45.82
22.6,45.37
23.25,45.81
23.23,45.36
22.64,46.72
22.62,46.27
23.29,46.71
23.27,46.26
22.66,47.62
22.65,47.17
23.33,47.6
23.31,47.16
23.68,40.39
23.69,41.29
23.69,40.84
23.71,42.2
23.7,41.74
23.73,43.1
23.72,42.65
23.75,44
23.74,43.55
23.77,44.89
23.76,44.45
23.79,45.79
23.78,45.34
24,46.69
24,46.24
24,47.59
24,47.14
18.45,50.3
18.57,49.85
19.24,50.31
19.26,49.86
18.43,51.2
18.44,50.75
19.21,51.21
19.23,50.76
18.4,52.1
18.42,51.65
19.17,52.11
19.19,51.66
18.38,53
18.39,52.55
19.14,53.01
19.16,52.56
18.36,53.89
18.37,53.45
19.1,53.91
19.12,53.46
18.33,54.79
18.35,54.34
19.06,54.81
19.08,54.36
18.63,48.5
18.65,48.05
19.31,48.52
19.32,48.07
18.59,49.4
18.61,48.95
19.28,49.41
19.29,48.97
19.95,50.32
19.96,49.87
20.65,50.33
20.65,49.88
19.93,51.22
19.94,50.77
20.64,51.23
20.65,50.78
19.9,52.12
19.92,51.67
20.63,52.13
20.64,51.68
19.88,53.02
19.89,52.57
20.63,53.02
20.63,52.57
19.86,53.92
19.87,53.47
20.62,53.92
20.62,53.47
19.83,54.82
19.85,54.37
20.61,54.82
20.62,54.37
20.61,55.27
19.98,48.52
19.99,48.07
20.66,48.53
20.66,48.08
19.97,49.42
19.98,48.97
20.66,49.43
20.66,48.98
21.35,50.33
21.35,49.88
22.05,50.32
22.04,49.87
21.36,51.23
21.35,50.78
22.07,51.22
22.06,50.77
21.37,52.13
21.36,51.68
22.1,52.12
22.08,51.67
21.37,53.02
21.37,52.57
22.12,53.02
22.11,52.57
21.38,53.92
21.38,53.47
22.14,53.92
22.13,53.47
21.39,54.82
21.38,54.37
22.17,54.82
22.15,54.37
21.4,55.72
21.39,55.27
22.19,55.71
22.18,55.27
21.34,48.53
21.34,48.08
22.02,48.52
22.01,48.07
21.34,49.43
21.34,48.98
22.03,49.42
22.02,48.97
22.76,50.31
22.74,49.86
23.55,50.3
23.43,49.85
22.79,51.21
22.77,50.76
23.57,51.2
23.56,50.75
22.83,52.11
22.81,51.66
23.6,52.1
23.58,51.65
22.86,53.01
22.84,52.56
23.62,53
23.61,52.55
22.9,53.91
22.88,53.46
23.64,53.89
23.63,53.45
22.94,54.81
22.92,54.36
23.67,54.79
23.65,54.34
22.99,55.7
22.97,55.26
23.69,55.69
23.68,55.24
22.69,48.52
22.68,48.07
23.35,48.05
22.72,49.41
22.71,48.97
23.41,49.4
24,48.04
18.91,57.5
18.94,57.05
18.86,58.4
18.89,57.95
18.81,59.3
18.75,60.19
18.78,59.74
18.59,60.64
18.52,62.88
18.53,62.43
18.49,63.78
18.5,63.33
19.73,57.96
19.65,60.2
19.67,59.76
20.55,60.21
20.56,59.76
20.54,60.66
19.48,63.79
19.5,63.35
20.49,63.8
20.5,63.35
21.41,56.62
21.4,56.17
22.22,56.61
22.21,56.16
21.42,57.52
21.41,57.07
22.25,57.51
22.24,57.06
21.43,58.42
22.28,58.41
22.27,57.96
22.3,58.86
21.45,60.21
21.45,59.76
22.35,60.2
22.33,59.76
21.46,61.11
21.46,60.66
22.39,61.1
22.37,60.65
21.48,62.01
21.47,61.56
22.43,62
22.41,61.55
21.49,62.9
21.48,62.46
22.48,62.9
22.45,62.45
21.5,63.35
22.52,63.79
22.5,63.35
23.04,56.6
23.01,56.15
23.72,56.59
23.71,56.14
23.09,57.5
23.06,57.05
24,57.48
24,57.03
23.14,58.4
23.11,57.95
24,58.38
24,57.93
23.19,59.3
23.17,58.85
24,59.28
24,58.83
23.25,60.19
23.22,59.74
23.43,61.09
23.41,60.64
23.45,61.99
23.44,61.54
23.48,62.88
23.47,62.43
23.51,63.78
23.5,63.33
18.45,64.68
18.47,64.23
18.42,65.58
18.43,65.13
18.38,66.47
18.4,66.02
19.18,68.28
19.22,67.83
20.39,68.29
20.41,67.84
19.11,69.17
19.15,68.73
20.37,69.18
20.38,68.74
18.84,70.07
19.07,69.62
20.34,70.08
20.36,69.63
19.43,64.69
19.45,64.24
20.48,64.7
20.48,64.25
19.37,65.59
19.4,65.14
20.46,65.6
20.47,65.15
19.32,66.49
19.34,66.04
20.44,66.49
20.45,66.04
19.25,67.38
19.28,66.93
20.42,67.39
20.43,66.94
21.61,68.29
21.59,67.84
22.82,68.28
22.78,67.83
21.63,69.18
21.62,68.74
22.89,69.17
22.85,68.73
21.66,70.08
21.64,69.63
23.16,70.07
22.93,69.62
21.67,70.53
23.19,70.97
23.17,70.52
21.52,64.7
21.52,64.25
21.54,65.6
21.53,65.15
22.63,65.59
21.56,66.49
21.55,66.04
22.68,66.49
22.66,66.04
21.58,67.39
21.57,66.94
22.75,67.38
22.72,66.93
24,68.26
24,67.81
24,68.71
23.53,64.23
23.58,65.58
23.62,66.47
23.6,66.02
24,67.36
24,66.91
24.48,36.79
24.37,37.69
24.46,37.24
24.35,38.59
24.36,38.14
24.34,39.49
24.34,39.04
24.33,39.94
24.53,34.99
24.52,35.44
25.04,36.8
25.6,36.81
25.61,36.36
25.01,37.71
25.03,37.26
25.59,37.26
24.95,39.96
25.54,39.97
25.08,35
25.63,35.01
25.07,35.45
25.62,35.46
26.16,36.82
26.16,36.37
26.72,36.82
26.12,39.97
26.18,35.01
26.17,35.92
26.17,35.47
27.28,35.92
27.28,35.47
24.32,40.39
24.31,41.29
24.31,40.84
24.29,42.2
24.3,41.74
24.27,43.1
24.28,42.65
24.25,44
24.26,43.55
24.23,44.89
24.24,44.45
24.21,45.79
24.22,45.34
25.53,40.42
24.91,41.31
24.92,40.86
25.51,41.32
25.52,40.87
24.88,42.21
24.9,41.76
25.49,42.22
25.5,41.77
24.85,43.11
24.86,42.66
25.46,43.12
25.47,42.67
24.82,44.01
24.83,43.56
25.44,44.02
25.45,43.57
24.78,44.91
24.8,44.46
25.42,44.92
25.43,44.47
24.75,45.81
24.77,45.36
25.39,45.82
25.4,45.37
24.71,46.71
24.73,46.26
25.36,46.72
25.38,46.27
24.67,47.6
24.69,47.16
25.34,47.62
25.35,47.17
26.12,40.42
26.71,40.43
26.1,41.32
26.11,40.87
26.7,41.33
26.7,40.88
26.09,42.22
26.1,41.77
26.7,42.23
26.7,41.78
26.08,43.12
26.08,42.67
26.69,43.13
26.69,42.68
26.06,44.02
26.07,43.57
26.69,44.03
26.69,43.58
26.05,44.92
26.06,44.47
26.68,44.93
26.69,44.48
26.03,45.82
26.04,45.37
26.68,45.83
26.68,45.38
26.02,46.72
26.03,46.27
26.67,46.73
26.68,46.28
26,47.62
26.01,47.17
26.67,47.63
26.67,47.18
27.3,41.33
27.3,40.88
27.9,41.32
27.3,42.23
27.3,41.78
27.91,42.22
27.9,41.77
27.31,43.13
27.31,42.68
27.92,43.12
27.92,42.67
27.31,44.03
27.31,43.58
27.94,44.02
27.93,43.57
27.32,44.93
27.31,44.48
27.95,44.92
27.94,44.47
27.32,45.83
27.32,45.38
27.97,45.82
27.96,45.37
27.33,46.73
27.32,46.28
27.98,46.72
27.97,46.27
27.33,47.63
27.33,47.18
27.99,47.17
28.49,41.32
28.48,40.87
29.09,41.31
29.08,40.86
28.56,44.02
28.55,43.57
28.58,44.92
28.57,44.47
29.22,44.91
28.6,45.37
29.23,45.36
29.77,44.89
29.78,45.34
24.33,54.79
24.35,54.34
25.06,54.81
25.08,54.36
24.31,55.69
24.32,55.24
25.01,55.7
25.03,55.26
24.65,48.05
25.32,48.07
24.44,50.75
24.36,53.89
25.1,53.91
25.83,54.82
25.85,54.37
25.81,55.71
25.82,55.27
26.6,55.72
26.61,55.27
25.99,48.07
26.66,48.08
27.4,55.72
27.34,48.08
24.28,56.59
24.29,56.14
24.96,56.6
24.99,56.15
24.91,57.5
24.94,57.05
24.86,58.4
24.89,57.95
24.81,59.3
24.83,58.85
24.75,60.19
24.78,59.74
24.57,61.09
24.59,60.64
24.55,61.99
24.56,61.54
24.52,62.88
24.53,62.43
24.49,63.78
24.5,63.33
25.78,56.61
25.79,56.16
26.59,56.62
26.6,56.17
25.75,57.51
25.76,57.06
26.58,57.52
26.59,57.07
25.72,58.41
25.73,57.96
26.57,58.42
26.58,57.97
25.68,59.31
25.7,58.86
26.56,59.31
26.57,58.86
25.65,60.2
25.67,59.76
26.55,60.21
26.56,59.76
25.61,61.1
25.63,60.65
26.54,61.11
26.54,60.66
25.57,62
25.59,61.55
26.52,62.01
26.53,61.56
25.52,62.9
25.55,62.45
26.51,62.9
26.52,62.46
25.48,63.79
25.5,63.35
26.49,63.8
26.5,63.35
27.41,56.62
27.4,56.17
28.22,56.61
28.21,56.16
27.42,57.52
27.41,57.07
28.24,57.06
27.43,58.42
27.42,57.97
27.44,59.31
27.43,58.86
28.32,59.31
27.45,60.21
27.45,59.76
27.46,61.11
27.46,60.66
28.39,61.1
28.37,60.65
27.48,62.01
27.47,61.56
28.43,62
28.41,61.55
27.49,62.9
27.48,62.46
28.48,62.9
28.45,62.45
27.51,63.8
27.5,63.35
28.52,63.79
28.5,63.35
29.43,61.09
29.45,61.99
29.44,61.54
29.48,62.88
29.47,62.43
29.51,63.78
29.5,63.33
24.45,64.68
24.47,64.23
24.42,65.58
24.43,65.13
24.38,66.47
24.4,66.02
25.43,64.69
25.45,64.24
26.48,64.7
26.48,64.25
25.37,65.59
25.4,65.14
26.46,65.6
26.47,65.15
25.32,66.49
25.34,66.04
26.44,66.49
26.45,66.04
25.25,67.38
25.28,66.93
26.42,67.39
26.43,66.94
25.18,68.28
25.22,67.83
26.39,68.29
26.41,67.84
25.11,69.17
25.15,68.73
26.37,69.18
26.38,68.74
24.84,70.07
25.07,69.62
26.34,70.08
26.36,69.63
24.81,70.97
24.83,70.52
26.31,70.98
26.33,70.53
27.52,64.7
27.52,64.25
28.57,64.69
28.55,64.24
27.54,65.6
27.53,65.15
28.63,65.59
28.6,65.14
27.56,66.49
27.55,66.04
28.68,66.49
28.66,66.04
27.58,67.39
27.57,66.94
28.75,67.38
28.72,66.93
27.61,68.29
27.59,67.84
28.82,68.28
28.78,67.83
27.63,69.18
27.62,68.74
28.89,69.17
28.85,68.73
27.66,70.08
27.64,69.63
29.16,70.07
28.93,69.62
27.69,70.98
27.67,70.53
29.19,70.97
29.17,70.52
29.55,64.68
29.53,64.23
29.58,65.58
29.57,65.13
29.62,66.47
29.6,66.02
30,67.36
30,67.81
21.97,77.21
21.82,78.1
21.9,77.65
21.74,78.55
23.73,78.13
25.72,79.94
22.66,80.36
25.66,80.39
28.18,79.04
31.34,80.36
30.55,61.99
30.56,61.54
30.52,62.88
30.53,62.43
30.49,63.78
30.5,63.33
31.52,62.9
31.55,62.45
31.5,63.35
30.45,64.68
30.47,64.23
30.84,70.07
31.07,69.62
30.83,70.52
